method,N,cells,steps,repeat,time_sec,time_per_step_ms,time_per_cell_ns,peak_memory_mb,center_temperature
for,20,400,100,1,0.0032119750976562,0.032119750976562,99.135033878279,2,2.5281679182807
for,20,400,100,2,0.0034160614013672,0.034160614013672,105.43399386936,2,2.5281679182807
for,20,400,100,3,0.0032100677490234,0.032100677490234,99.076165093316,2,2.5281679182807
foreach,20,400,100,1,0.0043978691101074,0.043978691101074,135.73670092924,2,2.5281679182807
foreach,20,400,100,2,0.003835916519165,0.03835916519165,118.39248515941,2,2.5281679182807
foreach,20,400,100,3,0.0038681030273438,0.038681030273438,119.38589590567,2,2.5281679182807
array_map,20,400,100,1,0.0051069259643555,0.051069259643555,157.62117173937,2,2.5281679182807
array_map,20,400,100,2,0.0054669380187988,0.054669380187988,168.7326549012,2,2.5281679182807
array_map,20,400,100,3,0.0049939155578613,0.049939155578613,154.13319623029,2,2.5281679182807
array_merge,20,400,100,1,0.0081920623779297,0.081920623779297,252.84143141758,2,2.5281679182807
array_merge,20,400,100,2,0.0083730220794678,0.083730220794678,258.42660739098,2,2.5281679182807
array_merge,20,400,100,3,0.0080149173736572,0.080149173736572,247.37399301411,2,2.5281679182807
for,40,1600,100,1,0.013691186904907,0.13691186904907,94.814313745895,2,0.0010813440727586
for,40,1600,100,2,0.014084100723267,0.14084100723267,97.535323568328,2,0.0010813440727586
for,40,1600,100,3,0.013792991638184,0.13792991638184,95.519332674402,2,0.0010813440727586
foreach,40,1600,100,1,0.016630887985229,0.16630887985229,115.17235446835,2,0.0010813440727586
foreach,40,1600,100,2,0.016906023025513,0.16906023025513,117.07772178333,2,0.0010813440727586
foreach,40,1600,100,3,0.016626119613647,0.16626119613647,115.13933250448,2,0.0010813440727586
array_map,40,1600,100,1,0.021719932556152,0.21719932556152,150.41504540272,2,0.0010813440727586
array_map,40,1600,100,2,0.053498029708862,0.53498029708862,370.48497028298,2,0.0010813440727586
array_map,40,1600,100,3,0.023052930831909,0.23052930831909,159.64633540103,2,0.0010813440727586
array_merge,40,1600,100,1,0.039621114730835,0.39621114730835,274.38445104456,2,0.0010813440727586
array_merge,40,1600,100,2,0.038184881210327,0.38184881210327,264.43823552858,2,0.0010813440727586
array_merge,40,1600,100,3,0.038187026977539,0.38187026977539,264.45309541232,2,0.0010813440727586
for,80,6400,100,1,0.060631990432739,0.60631990432739,99.658103932839,2,1.0630829133213E-15
for,80,6400,100,2,0.058095932006836,0.58095932006836,95.489697578626,2,1.0630829133213E-15
for,80,6400,100,3,0.059532880783081,0.59532880783081,97.851546323276,2,1.0630829133213E-15
foreach,80,6400,100,1,0.070526123046875,0.70526123046875,115.92064932096,2,1.0630829133213E-15
foreach,80,6400,100,2,0.070357084274292,0.70357084274292,115.64280781442,2,1.0630829133213E-15
foreach,80,6400,100,3,0.070775032043457,0.70775032043457,116.32976995966,2,1.0630829133213E-15
array_map,80,6400,100,1,0.088575839996338,0.88575839996338,145.58816567445,2,1.0630829133213E-15
array_map,80,6400,100,2,0.085790872573853,0.85790872573853,141.01063868155,2,1.0630829133213E-15
array_map,80,6400,100,3,0.084872007369995,0.84872007369995,139.50034084483,2,1.0630829133213E-15
array_merge,80,6400,100,1,0.16398406028748,1.6398406028748,269.53330093273,2,1.0630829133213E-15
array_merge,80,6400,100,2,0.16338181495667,1.6338181495667,268.54341708854,2,1.0630829133213E-15
array_merge,80,6400,100,3,0.16395497322083,1.6395497322083,269.48549181595,2,1.0630829133213E-15
for,120,14400,100,1,0.130450963974,1.30450963974,93.687851173513,2,3.168689869355E-34
for,120,14400,100,2,0.12954211235046,1.2954211235046,93.035128088526,2,3.168689869355E-34
for,120,14400,100,3,0.13017106056213,1.3017106056213,93.486828901274,2,3.168689869355E-34
foreach,120,14400,100,1,0.15793800354004,1.5793800354004,113.42861501008,2,3.168689869355E-34
foreach,120,14400,100,2,0.15690302848816,1.5690302848816,112.68531204263,2,3.168689869355E-34
foreach,120,14400,100,3,0.15660190582275,1.5660190582275,112.46905043289,2,3.168689869355E-34
array_map,120,14400,100,1,0.18972301483154,1.8972301483154,136.25611521944,2,3.168689869355E-34
array_map,120,14400,100,2,0.188157081604,1.88157081604,135.13148635737,2,3.168689869355E-34
array_map,120,14400,100,3,0.20285105705261,2.0285105705261,145.68447073586,2,3.168689869355E-34
array_merge,120,14400,100,1,0.41082191467285,4.1082191467285,295.04590252288,2,3.168689869355E-34
array_merge,120,14400,100,2,0.41164898872375,4.1164898872375,295.63989422849,2,3.168689869355E-34
array_merge,120,14400,100,3,0.41438293457031,4.1438293457031,297.6033715673,2,3.168689869355E-34
for,160,25600,100,1,0.2386040687561,2.386040687561,95.579261639202,6,7.0648176266214E-60
for,160,25600,100,2,0.23762202262878,2.3762202262878,95.185876713982,6,7.0648176266214E-60
for,160,25600,100,3,0.24099898338318,2.4099898338318,96.53860895016,6,7.0648176266214E-60
foreach,160,25600,100,1,0.27995991706848,2.7995991706848,112.14545628444,6,7.0648176266214E-60
foreach,160,25600,100,2,0.27947497367859,2.7947497367859,111.95119919828,6,7.0648176266214E-60
foreach,160,25600,100,3,0.28277993202209,2.8277993202209,113.27508893691,6,7.0648176266214E-60
array_map,160,25600,100,1,0.33661293983459,3.3661293983459,134.83934459005,6,7.0648176266214E-60
array_map,160,25600,100,2,0.3388659954071,3.388659954071,135.74186645053,6,7.0648176266214E-60
array_map,160,25600,100,3,0.34869813919067,3.4869813919067,139.68039544571,6,7.0648176266214E-60
array_merge,160,25600,100,1,0.82292509078979,8.2292509078979,329.64472471951,6,7.0648176266214E-60
array_merge,160,25600,100,2,0.85808706283569,8.5808706283569,343.72979604058,6,7.0648176266214E-60
array_merge,160,25600,100,3,0.8354070186615,8.354070186615,334.64469582659,6,7.0648176266214E-60
for,200,40000,100,1,0.36353302001953,3.6353302001953,92.728553213838,8,1.0E-98
for,200,40000,100,2,0.36524820327759,3.6524820327759,93.16605532027,8,1.0E-98
for,200,40000,100,3,0.36911916732788,3.6911916732788,94.153445395337,8,1.0E-98
foreach,200,40000,100,1,0.44872999191284,4.4872999191284,114.46025709439,8,1.0E-98
foreach,200,40000,100,2,0.44035887718201,4.4035887718201,112.3249865274,8,1.0E-98
foreach,200,40000,100,3,0.44168996810913,4.4168996810913,112.66451589356,8,1.0E-98
array_map,200,40000,100,1,0.53173995018005,5.3173995018005,135.63410625958,8,1.0E-98
array_map,200,40000,100,2,0.5387659072876,5.387659072876,137.42625938363,8,1.0E-98
array_map,200,40000,100,3,0.53542017936707,5.3542017936707,136.57284444625,8,1.0E-98
array_merge,200,40000,100,1,1.4282760620117,14.282760620117,364.31896286392,8,1.0E-98
array_merge,200,40000,100,2,1.4790740013123,14.790740013123,377.27629867163,8,1.0E-98
array_merge,200,40000,100,3,1.4852299690247,14.852299690247,378.84653836972,8,1.0E-98
for,500,250000,100,1,2.3398110866547,23.398110866547,94.345699531244,20,0
for,500,250000,100,2,2.3140888214111,23.140888214111,93.308528145156,20,0
for,500,250000,100,3,2.2918078899384,22.918078899384,92.410117979482,20,0
foreach,500,250000,100,1,2.7943968772888,27.943968772888,112.67547609268,20,0
foreach,500,250000,100,2,2.7660179138184,27.660179138184,111.53118150588,20,0
foreach,500,250000,100,3,2.8308010101318,28.308010101318,114.14336099949,20,0
array_map,500,250000,100,1,3.2864210605621,32.864210605621,132.51484091233,20,0
array_map,500,250000,100,2,3.2748508453369,32.748508453369,132.04830750056,20,0
array_map,500,250000,100,3,3.2767460346222,32.767460346222,132.12472519081,20,0
array_merge,500,250000,100,1,14.560015916824,145.60015916824,587.08794684055,20,0
array_merge,500,250000,100,2,14.544574975967,145.44574975967,586.46533829968,20,0
array_merge,500,250000,100,3,14.595744132996,145.95744132996,588.52857748244,20,0
for,600,360000,100,1,3.3285489082336,33.285489082336,93.079185586113,38,0
for,600,360000,100,2,3.3032441139221,33.032441139221,92.371565025059,38,0
for,600,360000,100,3,3.2879450321198,32.879450321198,91.943743138213,38,0
foreach,600,360000,100,1,3.9542288780212,39.542288780212,110.57563332684,38,0
foreach,600,360000,100,2,3.955442905426,39.55442905426,110.60958225932,38,0
foreach,600,360000,100,3,3.9820618629456,39.820618629456,111.35395193973,38,0
array_map,600,360000,100,1,4.7133839130402,47.133839130402,131.80456351272,38,0
array_map,600,360000,100,2,4.7231070995331,47.231070995331,132.07646165963,38,0
array_map,600,360000,100,3,4.7134358882904,47.134358882904,131.80601694305,38,0
array_merge,600,360000,100,1,23.702345848083,237.02345848083,662.80986365039,38,0
array_merge,600,360000,100,2,23.709692955017,237.09692955017,663.0153173627,38,0
array_merge,600,360000,100,3,23.689197063446,236.89197063446,662.44217244343,38,0
for,800,640000,100,1,5.8880879878998,58.880879878998,92.463112478875,50,0
for,800,640000,100,2,5.9084599018097,59.084599018097,92.783021177783,50,0
for,800,640000,100,3,5.8353941440582,58.353941440582,91.635638973031,50,0
foreach,800,640000,100,1,7.0306470394135,70.306470394135,110.40519593805,50,0
foreach,800,640000,100,2,7.0320930480957,70.320930480957,110.42790321819,50,0
foreach,800,640000,100,3,7.0323889255524,70.323889255524,110.43254950585,50,0
array_map,800,640000,100,1,8.3859939575195,83.859939575195,131.68877641346,50,0
array_map,800,640000,100,2,8.3795619010925,83.795619010925,131.58777113668,50,0
array_map,800,640000,100,3,8.3823509216309,83.823509216309,131.63156829465,50,0
array_merge,800,640000,100,1,51.585128068924,515.85128068924,810.06287757181,50,0
array_merge,800,640000,100,2,51.586930036545,515.86930036545,810.09117462429,50,0
array_merge,800,640000,100,3,51.639363050461,516.39363050461,810.91455220854,50,0
for,1000,1000000,100,1,9.1173079013824,91.173079013824,91.538868331678,62,0
for,1000,1000000,100,2,9.1245009899139,91.245009899139,91.611087806012,62,0
for,1000,1000000,100,3,9.1232171058655,91.232171058655,91.598197455688,62,0
foreach,1000,1000000,100,1,11.061089992523,110.61089992523,111.05467440415,62,0
foreach,1000,1000000,100,2,10.973278045654,109.73278045654,110.17303189198,62,0
foreach,1000,1000000,100,3,11.49173283577,114.9173283577,115.37838036564,62,0
array_map,1000,1000000,100,1,13.197891950607,131.97891950607,132.50842316504,62,0
array_map,1000,1000000,100,2,13.174437999725,131.74437999725,132.27294267619,62,0
array_map,1000,1000000,100,3,13.301514863968,133.01514863968,133.54880968317,62,0
array_merge,1000,1000000,100,1,95.366244792938,953.66244792938,957.48857226415,62,0
array_merge,1000,1000000,100,2,95.470813035965,954.70813035965,958.53845000587,62,0
array_merge,1000,1000000,100,3,110.73668003082,1107.3668003082,1111.8095914356,62,0
